{
  "delay_IIR": 0.04,
  "Ti_i": 0.00071561684681326879,
  "Kp_i": 4.9487165930539359,
  "Ki_i": 6915.3159474810991,
  "Kp_id": 4.9487165930539359,
  "Ki_id": 6915.3159474810991,
  "Ti_speed": 0.075743999999999992,
  "Kp_speed": 1.6013941698352345,
  "Ki_speed": 21.142191722581785,
  "Ti_fwc": 0.00071561684681326879,
  "Kp_fwc": 0.0089229033268487367,
  "Ki_fwc": 12.468827930174562
}