{
  "model": "JIEMEIKANG42JSF360AS-1000",
  "sn": "0042",
  "p": 4,
  "Rs": 0.89,
  "Ld": 0.00064,
  "Lq": 0.00064,
  "J": 2.8E-5,
  "B": 0.00035,
  "Ke": 4,
  "Kt": 0.059,
  "I_rated": 4,
  "N_max": 4000,
  "PositionOffset": 0.1458,
  "QEPSlits": 1000,
  "FluxPM": 0.0055132889542179207,
  "T_rated": 0.13231893490123009,
  "N_base": 3610
}