{
  "V_base": 13.856406460551019,
  "I_base": 21.428571428571427,
  "N_base": 3610,
  "P_base": 445.38449337485412,
  "T_base": 0.70885143697087538
}